{"cameraMode":{"drawMode":0,"name":"Shaded","section":"Shading Mode"},"sceneLighting":true,"audioPlay":false,"sceneViewState":{"m_AlwaysRefresh":false,"showFog":true,"showSkybox":true,"showFlares":true,"showImageEffects":true,"showParticleSystems":true,"showVisualEffectGraphs":true,"m_FxEnabled":true},"in2DMode":false,"pivot":{"x":-54.38471984863281,"y":-3.148573637008667,"z":0.24651052057743073},"rotation":{"x":-0.12263227999210358,"y":-0.030963338911533357,"z":0.0038306941278278829,"w":-0.9919718503952026},"size":22.07724952697754,"orthographic":false}